question,error,domain,country,organization_name,confidence
"What is the top-level state Organ (i.e., ministry/department/agency) responsible for SCIENCE & TECHNOLOGY in BELARUS?",,SCIENCE & TECHNOLOGY,BELARUS,State Committee on Science and Technology of the Republic of Belarus,ConfidenceLevel.HIGH
"What is the top-level state Organ (i.e., ministry/department/agency) responsible for SCIENCE & TECHNOLOGY in DENMARK?",,SCIENCE & TECHNOLOGY,DENMARK,Ministry of Higher Education and Science,ConfidenceLevel.HIGH
"What is the top-level state Organ (i.e., ministry/department/agency) responsible for SCIENCE & TECHNOLOGY in MEXICO?",,SCIENCE & TECHNOLOGY,MEXICO,"Secretariat of Science, Humanities, Technology and Innovation (SECIHTI)",ConfidenceLevel.HIGH
"What is the top-level state Organ (i.e., ministry/department/agency) responsible for SCIENCE & TECHNOLOGY in RUSSIA?",,SCIENCE & TECHNOLOGY,RUSSIA,Ministry of Science and Higher Education of the Russian Federation,ConfidenceLevel.HIGH
"What is the top-level state Organ (i.e., ministry/department/agency) responsible for SCIENCE & TECHNOLOGY in INDONESIA?",,SCIENCE & TECHNOLOGY,INDONESIA,"Ministry of Higher Education, Science, and Technology (Kementerian Pendidikan, Kebudayaan, Riset, dan Teknologi / Kemendiktisaintek)",ConfidenceLevel.HIGH
"What is the top-level state Organ (i.e., ministry/department/agency) responsible for SCIENCE & TECHNOLOGY in TOGO?",,SCIENCE & TECHNOLOGY,TOGO,Ministry of Higher Education and Research,ConfidenceLevel.HIGH
"What is the top-level state Organ (i.e., ministry/department/agency) responsible for SCIENCE & TECHNOLOGY in BELGIUM?",,SCIENCE & TECHNOLOGY,BELGIUM,Belgian Science Policy Office (BELSPO),ConfidenceLevel.HIGH
"What is the top-level state Organ (i.e., ministry/department/agency) responsible for SCIENCE & TECHNOLOGY in IRAN?",,SCIENCE & TECHNOLOGY,IRAN,"Ministry of Science, Research and Technology (MSRT)",ConfidenceLevel.HIGH
"What is the top-level state Organ (i.e., ministry/department/agency) responsible for SCIENCE & TECHNOLOGY in DJIBOUTI?",,SCIENCE & TECHNOLOGY,DJIBOUTI,Ministry of Digital Economy and Innovation,ConfidenceLevel.HIGH
"What is the top-level state Organ (i.e., ministry/department/agency) responsible for SCIENCE & TECHNOLOGY in RWANDA?",,SCIENCE & TECHNOLOGY,RWANDA,National Council for Science and Technology (NCST),ConfidenceLevel.HIGH
"What is the top-level state Organ (i.e., ministry/department/agency) responsible for SCIENCE & TECHNOLOGY in MICRONESIA?",,SCIENCE & TECHNOLOGY,MICRONESIA,"Department of Research, Science and Technology, within the Ministry of Infrastructure, Science and Technology",ConfidenceLevel.HIGH
"What is the top-level state Organ (i.e., ministry/department/agency) responsible for SCIENCE & TECHNOLOGY in BELIZE?",,SCIENCE & TECHNOLOGY,BELIZE,"Ministry of Education, Culture, Science and Technology (MoECST)",ConfidenceLevel.HIGH
"What is the top-level state Organ (i.e., ministry/department/agency) responsible for SCIENCE & TECHNOLOGY in TONGA?",,SCIENCE & TECHNOLOGY,TONGA,"Ministry of Meteorology, Energy, Information, Disaster Management, Environment, Climate Change and Communications (MEIDECC)",ConfidenceLevel.HIGH
"What is the top-level state Organ (i.e., ministry/department/agency) responsible for SCIENCE & TECHNOLOGY in DOMINICA?",,SCIENCE & TECHNOLOGY,DOMINICA,"Ministry of Education, Human Resource Planning, Vocational Training and National Excellence",ConfidenceLevel.HIGH
"What is the top-level state Organ (i.e., ministry/department/agency) responsible for SCIENCE & TECHNOLOGY in IRAQ?",,SCIENCE & TECHNOLOGY,IRAQ,Ministry of Science and Technology (Iraq),ConfidenceLevel.HIGH
"What is the top-level state Organ (i.e., ministry/department/agency) responsible for SCIENCE & TECHNOLOGY in MOLDOVA?",,SCIENCE & TECHNOLOGY,MOLDOVA,Ministry of Education and Research of the Republic of Moldova,ConfidenceLevel.HIGH
"What is the top-level state Organ (i.e., ministry/department/agency) responsible for SCIENCE & TECHNOLOGY in SAINT KITTS AND NEVIS?",,SCIENCE & TECHNOLOGY,SAINT KITTS AND NEVIS,Department of Information Technology,ConfidenceLevel.HIGH
"What is the top-level state Organ (i.e., ministry/department/agency) responsible for SCIENCE & TECHNOLOGY in TRINIDAD AND TOBAGO?",,SCIENCE & TECHNOLOGY,TRINIDAD AND TOBAGO,"Ministry of Science, Technology and Tertiary Education",ConfidenceLevel.HIGH
"What is the top-level state Organ (i.e., ministry/department/agency) responsible for SCIENCE & TECHNOLOGY in BENIN?",,SCIENCE & TECHNOLOGY,BENIN,Ministry of Higher Education and Scientific Research (Ministère de l'Enseignement Supérieur et de la Recherche Scientifique),ConfidenceLevel.HIGH
"What is the top-level state Organ (i.e., ministry/department/agency) responsible for SCIENCE & TECHNOLOGY in DOMINICAN REPUBLIC?",,SCIENCE & TECHNOLOGY,DOMINICAN REPUBLIC,"Ministerio de Educación Superior, Ciencia y Tecnología (MESCyT)",ConfidenceLevel.HIGH
"What is the top-level state Organ (i.e., ministry/department/agency) responsible for SCIENCE & TECHNOLOGY in IRELAND?",,SCIENCE & TECHNOLOGY,IRELAND,"Department of Further and Higher Education, Research, Innovation and Science",ConfidenceLevel.HIGH
"What is the top-level state Organ (i.e., ministry/department/agency) responsible for SCIENCE & TECHNOLOGY in SAINT LUCIA?",,SCIENCE & TECHNOLOGY,SAINT LUCIA,"Ministry of Sustainable Development, Energy, Science and Technology",ConfidenceLevel.HIGH
"What is the top-level state Organ (i.e., ministry/department/agency) responsible for SCIENCE & TECHNOLOGY in MONACO?",,SCIENCE & TECHNOLOGY,MONACO,Interministerial Delegation for Digital Transition,ConfidenceLevel.HIGH
"What is the top-level state Organ (i.e., ministry/department/agency) responsible for SCIENCE & TECHNOLOGY in TUNISIA?",,SCIENCE & TECHNOLOGY,TUNISIA,Ministry of Higher Education and Scientific Research,ConfidenceLevel.HIGH
"What is the top-level state Organ (i.e., ministry/department/agency) responsible for SCIENCE & TECHNOLOGY in BHUTAN?",,SCIENCE & TECHNOLOGY,BHUTAN,Government Technology Agency (GovTech),ConfidenceLevel.HIGH
"What is the top-level state Organ (i.e., ministry/department/agency) responsible for SCIENCE & TECHNOLOGY in ECUADOR?",,SCIENCE & TECHNOLOGY,ECUADOR,"Ministry of Higher Education, Science, Technology and Innovation (SENESCYT)",ConfidenceLevel.HIGH
"What is the top-level state Organ (i.e., ministry/department/agency) responsible for SCIENCE & TECHNOLOGY in ISRAEL?",,SCIENCE & TECHNOLOGY,ISRAEL,"Ministry of Science, Technology and Space",ConfidenceLevel.HIGH
"What is the top-level state Organ (i.e., ministry/department/agency) responsible for SCIENCE & TECHNOLOGY in MONGOLIA?",,SCIENCE & TECHNOLOGY,MONGOLIA,"Ministry of Education, Culture and Science of Mongolia",ConfidenceLevel.HIGH
"What is the top-level state Organ (i.e., ministry/department/agency) responsible for SCIENCE & TECHNOLOGY in SAINT VINCENT AND THE GRENADINES?",,SCIENCE & TECHNOLOGY,SAINT VINCENT AND THE GRENADINES,"Ministry of Telecommunications, Science, Technology and Industry",ConfidenceLevel.HIGH
"What is the top-level state Organ (i.e., ministry/department/agency) responsible for SCIENCE & TECHNOLOGY in TURKEY?",,SCIENCE & TECHNOLOGY,TURKEY,Ministry of Industry and Technology,ConfidenceLevel.HIGH
"What is the top-level state Organ (i.e., ministry/department/agency) responsible for SCIENCE & TECHNOLOGY in BOLIVIA?",,SCIENCE & TECHNOLOGY,BOLIVIA,"Ministry of Education, specifically its Vice Ministry of Science and Technology",ConfidenceLevel.HIGH
"What is the top-level state Organ (i.e., ministry/department/agency) responsible for SCIENCE & TECHNOLOGY in EGYPT?",,SCIENCE & TECHNOLOGY,EGYPT,Ministry of Higher Education and Scientific Research,ConfidenceLevel.HIGH
"What is the top-level state Organ (i.e., ministry/department/agency) responsible for SCIENCE & TECHNOLOGY in ITALY?",,SCIENCE & TECHNOLOGY,ITALY,"Ministry of University and Research (Ministero dell'Università e della Ricerca, MUR)",ConfidenceLevel.HIGH
"What is the top-level state Organ (i.e., ministry/department/agency) responsible for SCIENCE & TECHNOLOGY in MONTENEGRO?",,SCIENCE & TECHNOLOGY,MONTENEGRO,"Ministry of Education, Science and Innovation",ConfidenceLevel.HIGH
"What is the top-level state Organ (i.e., ministry/department/agency) responsible for SCIENCE & TECHNOLOGY in SAMOA?",,SCIENCE & TECHNOLOGY,SAMOA,Ministry of Communications and Information Technology,ConfidenceLevel.HIGH
"What is the top-level state Organ (i.e., ministry/department/agency) responsible for SCIENCE & TECHNOLOGY in TURKMENISTAN?",,SCIENCE & TECHNOLOGY,TURKMENISTAN,Academy of Sciences of Turkmenistan,ConfidenceLevel.HIGH
"What is the top-level state Organ (i.e., ministry/department/agency) responsible for SCIENCE & TECHNOLOGY in BOSNIA AND HERZEGOVINA?",,SCIENCE & TECHNOLOGY,BOSNIA AND HERZEGOVINA,Ministry of Civil Affairs of Bosnia and Herzegovina,ConfidenceLevel.HIGH
"What is the top-level state Organ (i.e., ministry/department/agency) responsible for SCIENCE & TECHNOLOGY in EL SALVADOR?",,SCIENCE & TECHNOLOGY,EL SALVADOR,"Ministry of Education, Science and Technology (Ministerio de Educación, Ciencia y Tecnología - MINEDUCYT)",ConfidenceLevel.HIGH
"What is the top-level state Organ (i.e., ministry/department/agency) responsible for SCIENCE & TECHNOLOGY in JAMAICA?",,SCIENCE & TECHNOLOGY,JAMAICA,"Ministry of Science, Energy, Telecommunications and Transport (MSETT)",ConfidenceLevel.HIGH
"What is the top-level state Organ (i.e., ministry/department/agency) responsible for SCIENCE & TECHNOLOGY in MOROCCO?",,SCIENCE & TECHNOLOGY,MOROCCO,"Ministry of Higher Education, Scientific Research, and Innovation of Morocco",ConfidenceLevel.HIGH
"What is the top-level state Organ (i.e., ministry/department/agency) responsible for SCIENCE & TECHNOLOGY in SAN MARINO?",,SCIENCE & TECHNOLOGY,SAN MARINO,"Secretary of State for Industry, Handicraft, Commerce, Research and Telecommunication",ConfidenceLevel.HIGH
"What is the top-level state Organ (i.e., ministry/department/agency) responsible for SCIENCE & TECHNOLOGY in TUVALU?",,SCIENCE & TECHNOLOGY,TUVALU,"Ministry of Transport, Energy, Communications and Innovation",ConfidenceLevel.HIGH
"What is the top-level state Organ (i.e., ministry/department/agency) responsible for SCIENCE & TECHNOLOGY in BOTSWANA?",,SCIENCE & TECHNOLOGY,BOTSWANA,"Ministry of Communications, Knowledge and Technology",ConfidenceLevel.HIGH
"What is the top-level state Organ (i.e., ministry/department/agency) responsible for SCIENCE & TECHNOLOGY in EQUATORIAL GUINEA?",,SCIENCE & TECHNOLOGY,EQUATORIAL GUINEA,Ministry of Mines and Hydrocarbons,ConfidenceLevel.MEDIUM
"What is the top-level state Organ (i.e., ministry/department/agency) responsible for SCIENCE & TECHNOLOGY in MOZAMBIQUE?",,SCIENCE & TECHNOLOGY,MOZAMBIQUE,"Ministry of Science and Technology, Higher Education and Professional Technical",ConfidenceLevel.HIGH
"What is the top-level state Organ (i.e., ministry/department/agency) responsible for SCIENCE & TECHNOLOGY in JAPAN?",,SCIENCE & TECHNOLOGY,JAPAN,"Ministry of Education, Culture, Sports, Science and Technology (MEXT)",ConfidenceLevel.HIGH
"What is the top-level state Organ (i.e., ministry/department/agency) responsible for SCIENCE & TECHNOLOGY in SAO TOME & PRINCIPE?",,SCIENCE & TECHNOLOGY,SAO TOME & PRINCIPE,"Ministry of Education, Culture, Science and Communication",ConfidenceLevel.HIGH
"What is the top-level state Organ (i.e., ministry/department/agency) responsible for SCIENCE & TECHNOLOGY in UGANDA?",,SCIENCE & TECHNOLOGY,UGANDA,"Ministry of Science, Technology and Innovation (MOSTI)",ConfidenceLevel.HIGH
"What is the top-level state Organ (i.e., ministry/department/agency) responsible for SCIENCE & TECHNOLOGY in ERITREA?",,SCIENCE & TECHNOLOGY,ERITREA,Eritrean Science and Technology Development Agency (ESTDA),ConfidenceLevel.HIGH
"What is the top-level state Organ (i.e., ministry/department/agency) responsible for SCIENCE & TECHNOLOGY in BRAZIL?",,SCIENCE & TECHNOLOGY,BRAZIL,"Ministry of Science, Technology and Innovation (Ministério da Ciência, Tecnologia e Inovação - MCTI)",ConfidenceLevel.HIGH
"What is the top-level state Organ (i.e., ministry/department/agency) responsible for SCIENCE & TECHNOLOGY in MYANMAR?",,SCIENCE & TECHNOLOGY,MYANMAR,Ministry of Science and Technology,ConfidenceLevel.HIGH
"What is the top-level state Organ (i.e., ministry/department/agency) responsible for SCIENCE & TECHNOLOGY in JORDAN?",,SCIENCE & TECHNOLOGY,JORDAN,Ministry of Higher Education and Scientific Research,ConfidenceLevel.HIGH
"What is the top-level state Organ (i.e., ministry/department/agency) responsible for SCIENCE & TECHNOLOGY in UKRAINE?",,SCIENCE & TECHNOLOGY,UKRAINE,Ministry of Education and Science of Ukraine,ConfidenceLevel.HIGH
"What is the top-level state Organ (i.e., ministry/department/agency) responsible for SCIENCE & TECHNOLOGY in SAUDI ARABIA?",,SCIENCE & TECHNOLOGY,SAUDI ARABIA,Ministry of Communications and Information Technology (MCIT),ConfidenceLevel.HIGH
"What is the top-level state Organ (i.e., ministry/department/agency) responsible for SCIENCE & TECHNOLOGY in ESTONIA?",,SCIENCE & TECHNOLOGY,ESTONIA,Ministry of Education and Research,ConfidenceLevel.HIGH
"What is the top-level state Organ (i.e., ministry/department/agency) responsible for SCIENCE & TECHNOLOGY in BRUNEI?",,SCIENCE & TECHNOLOGY,BRUNEI,Ministry of Development,ConfidenceLevel.HIGH
"What is the top-level state Organ (i.e., ministry/department/agency) responsible for SCIENCE & TECHNOLOGY in KAZAKHSTAN?",,SCIENCE & TECHNOLOGY,KAZAKHSTAN,Ministry of Science and Higher Education of the Republic of Kazakhstan,ConfidenceLevel.HIGH
"What is the top-level state Organ (i.e., ministry/department/agency) responsible for SCIENCE & TECHNOLOGY in NAMIBIA?",,SCIENCE & TECHNOLOGY,NAMIBIA,"Ministry of Higher Education, Technology and Innovation (MHETI)",ConfidenceLevel.HIGH
"What is the top-level state Organ (i.e., ministry/department/agency) responsible for SCIENCE & TECHNOLOGY in SENEGAL?",,SCIENCE & TECHNOLOGY,SENEGAL,"Ministère de l’Enseignement Supérieur, de la Recherche et de l’Innovation (MESRI)",ConfidenceLevel.HIGH
"What is the top-level state Organ (i.e., ministry/department/agency) responsible for SCIENCE & TECHNOLOGY in UNITED ARAB EMIRATES?",,SCIENCE & TECHNOLOGY,UNITED ARAB EMIRATES,Ministry of Industry and Advanced Technology,ConfidenceLevel.HIGH
"What is the top-level state Organ (i.e., ministry/department/agency) responsible for SCIENCE & TECHNOLOGY in CHAD?",,SCIENCE & TECHNOLOGY,CHAD,Ministry of Higher Education and Scientific Research,ConfidenceLevel.HIGH
"What is the top-level state Organ (i.e., ministry/department/agency) responsible for SCIENCE & TECHNOLOGY in ESWATINI?",,SCIENCE & TECHNOLOGY,ESWATINI,"Ministry of Information, Communications and Technology",ConfidenceLevel.HIGH
"What is the top-level state Organ (i.e., ministry/department/agency) responsible for SCIENCE & TECHNOLOGY in KENYA?",,SCIENCE & TECHNOLOGY,KENYA,"Ministry of Education, Science and Technology",ConfidenceLevel.HIGH
"What is the top-level state Organ (i.e., ministry/department/agency) responsible for SCIENCE & TECHNOLOGY in SERBIA?",,SCIENCE & TECHNOLOGY,SERBIA,"Ministry of Science, Technological Development and Innovation",ConfidenceLevel.HIGH
"What is the top-level state Organ (i.e., ministry/department/agency) responsible for SCIENCE & TECHNOLOGY in NAURU?",,SCIENCE & TECHNOLOGY,NAURU,"Department of Research, Science and Technology within the Ministry of Infrastructure, Science and Technology",ConfidenceLevel.HIGH
"What is the top-level state Organ (i.e., ministry/department/agency) responsible for SCIENCE & TECHNOLOGY in UNITED KINGDOM?",,SCIENCE & TECHNOLOGY,UNITED KINGDOM,"Department for Science, Innovation and Technology",ConfidenceLevel.HIGH
"What is the top-level state Organ (i.e., ministry/department/agency) responsible for SCIENCE & TECHNOLOGY in BULGARIA?",,SCIENCE & TECHNOLOGY,BULGARIA,Ministry of Education and Science,ConfidenceLevel.HIGH
"What is the top-level state Organ (i.e., ministry/department/agency) responsible for SCIENCE & TECHNOLOGY in ETHIOPIA?",,SCIENCE & TECHNOLOGY,ETHIOPIA,Ministry of Innovation and Technology (MInT),ConfidenceLevel.HIGH
"What is the top-level state Organ (i.e., ministry/department/agency) responsible for SCIENCE & TECHNOLOGY in KIRIBATI?",,SCIENCE & TECHNOLOGY,KIRIBATI,"Ministry of Education, Science and Technology",ConfidenceLevel.HIGH
"What is the top-level state Organ (i.e., ministry/department/agency) responsible for SCIENCE & TECHNOLOGY in NEPAL?",,SCIENCE & TECHNOLOGY,NEPAL,"Ministry of Education, Science and Technology",ConfidenceLevel.HIGH
"What is the top-level state Organ (i.e., ministry/department/agency) responsible for SCIENCE & TECHNOLOGY in SEYCHELLES?",,SCIENCE & TECHNOLOGY,SEYCHELLES,"Division of Science, Technology and Innovation (DSTI), Ministry of Investment, Entrepreneurship and Industry",ConfidenceLevel.HIGH
"What is the top-level state Organ (i.e., ministry/department/agency) responsible for SCIENCE & TECHNOLOGY in UNITED STATES?",,SCIENCE & TECHNOLOGY,UNITED STATES,Office of Science and Technology Policy,ConfidenceLevel.HIGH
"What is the top-level state Organ (i.e., ministry/department/agency) responsible for SCIENCE & TECHNOLOGY in FIJI?",,SCIENCE & TECHNOLOGY,FIJI,"Ministry of Education, Heritage and Arts, Fiji",ConfidenceLevel.HIGH
"What is the top-level state Organ (i.e., ministry/department/agency) responsible for SCIENCE & TECHNOLOGY in BURKINA FASO?",,SCIENCE & TECHNOLOGY,BURKINA FASO,"Ministry of Higher Education, Scientific Research and Innovation",ConfidenceLevel.HIGH
"What is the top-level state Organ (i.e., ministry/department/agency) responsible for SCIENCE & TECHNOLOGY in KUWAIT?",,SCIENCE & TECHNOLOGY,KUWAIT,NONE,ConfidenceLevel.HIGH
"What is the top-level state Organ (i.e., ministry/department/agency) responsible for SCIENCE & TECHNOLOGY in NETHERLANDS?",,SCIENCE & TECHNOLOGY,NETHERLANDS,"Ministry of Education, Culture and Science (Ministerie van Onderwijs, Cultuur en Wetenschap)",ConfidenceLevel.HIGH
"What is the top-level state Organ (i.e., ministry/department/agency) responsible for SCIENCE & TECHNOLOGY in SIERRA LEONE?",,SCIENCE & TECHNOLOGY,SIERRA LEONE,"Ministry of Education, Science and Technology (MEST)",ConfidenceLevel.HIGH
"What is the top-level state Organ (i.e., ministry/department/agency) responsible for SCIENCE & TECHNOLOGY in URUGUAY?",,SCIENCE & TECHNOLOGY,URUGUAY,Ministry of Education and Culture (Ministerio de Educación y Cultura) of Uruguay,ConfidenceLevel.HIGH
"What is the top-level state Organ (i.e., ministry/department/agency) responsible for SCIENCE & TECHNOLOGY in BURUNDI?",,SCIENCE & TECHNOLOGY,BURUNDI,Ministry of Higher Education and Scientific Research,ConfidenceLevel.HIGH
"What is the top-level state Organ (i.e., ministry/department/agency) responsible for SCIENCE & TECHNOLOGY in FINLAND?",,SCIENCE & TECHNOLOGY,FINLAND,Ministry of Education and Culture,ConfidenceLevel.HIGH
"What is the top-level state Organ (i.e., ministry/department/agency) responsible for SCIENCE & TECHNOLOGY in KYRGYZSTAN?",,SCIENCE & TECHNOLOGY,KYRGYZSTAN,"Ministry of Science, Higher Education and Innovation of the Kyrgyz Republic",ConfidenceLevel.HIGH
"What is the top-level state Organ (i.e., ministry/department/agency) responsible for SCIENCE & TECHNOLOGY in SINGAPORE?",,SCIENCE & TECHNOLOGY,SINGAPORE,Ministry of Trade and Industry,ConfidenceLevel.HIGH
"What is the top-level state Organ (i.e., ministry/department/agency) responsible for SCIENCE & TECHNOLOGY in NEW ZEALAND?",,SCIENCE & TECHNOLOGY,NEW ZEALAND,"Ministry of Business, Innovation and Employment",ConfidenceLevel.HIGH
"What is the top-level state Organ (i.e., ministry/department/agency) responsible for SCIENCE & TECHNOLOGY in UZBEKISTAN?",,SCIENCE & TECHNOLOGY,UZBEKISTAN,Ministry of Innovative Development of the Republic of Uzbekistan,ConfidenceLevel.HIGH
"What is the top-level state Organ (i.e., ministry/department/agency) responsible for SCIENCE & TECHNOLOGY in CABO VERDE?",,SCIENCE & TECHNOLOGY,CABO VERDE,"Ministry of Higher Education, Science and Innovation",ConfidenceLevel.HIGH
"What is the top-level state Organ (i.e., ministry/department/agency) responsible for SCIENCE & TECHNOLOGY in LAOS?",,SCIENCE & TECHNOLOGY,LAOS,NONE,ConfidenceLevel.HIGH
"What is the top-level state Organ (i.e., ministry/department/agency) responsible for SCIENCE & TECHNOLOGY in FRANCE?",,SCIENCE & TECHNOLOGY,FRANCE,"Ministry of Higher Education, Research and Innovation (Ministère de l'Enseignement supérieur, de la Recherche et de l'Innovation)",ConfidenceLevel.HIGH
"What is the top-level state Organ (i.e., ministry/department/agency) responsible for SCIENCE & TECHNOLOGY in NICARAGUA?",,SCIENCE & TECHNOLOGY,NICARAGUA,"Ministry of Development, Industry and Trade",ConfidenceLevel.HIGH
"What is the top-level state Organ (i.e., ministry/department/agency) responsible for SCIENCE & TECHNOLOGY in SLOVAKIA?",,SCIENCE & TECHNOLOGY,SLOVAKIA,"Ministry of Education, Science, Research and Sport of the Slovak Republic",ConfidenceLevel.HIGH
"What is the top-level state Organ (i.e., ministry/department/agency) responsible for SCIENCE & TECHNOLOGY in VANUATU?",,SCIENCE & TECHNOLOGY,VANUATU,"Ministry of Science, Technology and Scientific Research + Innovations",ConfidenceLevel.HIGH
"What is the top-level state Organ (i.e., ministry/department/agency) responsible for SCIENCE & TECHNOLOGY in CAMBODIA?",,SCIENCE & TECHNOLOGY,CAMBODIA,"Ministry of Industry, Science, Technology and Innovation",ConfidenceLevel.HIGH
"What is the top-level state Organ (i.e., ministry/department/agency) responsible for SCIENCE & TECHNOLOGY in GABON?",,SCIENCE & TECHNOLOGY,GABON,Ministère de l'Enseignement Supérieur et de la Recherche Scientifique et de l’Innovation Technologique,ConfidenceLevel.HIGH
"What is the top-level state Organ (i.e., ministry/department/agency) responsible for SCIENCE & TECHNOLOGY in LATVIA?",,SCIENCE & TECHNOLOGY,LATVIA,Ministry of Education and Science of the Republic of Latvia,ConfidenceLevel.HIGH
"What is the top-level state Organ (i.e., ministry/department/agency) responsible for SCIENCE & TECHNOLOGY in NIGER?",,SCIENCE & TECHNOLOGY,NIGER,"Federal Ministry of Innovation, Science and Technology (FMIST)",ConfidenceLevel.HIGH
"What is the top-level state Organ (i.e., ministry/department/agency) responsible for SCIENCE & TECHNOLOGY in SLOVENIA?",,SCIENCE & TECHNOLOGY,SLOVENIA,"Ministry of Higher Education, Science and Innovation",ConfidenceLevel.HIGH
"What is the top-level state Organ (i.e., ministry/department/agency) responsible for SCIENCE & TECHNOLOGY in AFGHANISTAN?",,SCIENCE & TECHNOLOGY,AFGHANISTAN,Ministry of Communications and Information Technology,ConfidenceLevel.HIGH
"What is the top-level state Organ (i.e., ministry/department/agency) responsible for SCIENCE & TECHNOLOGY in VENEZUELA?",,SCIENCE & TECHNOLOGY,VENEZUELA,Ministry of Science and Technology (MINCYT),ConfidenceLevel.HIGH
"What is the top-level state Organ (i.e., ministry/department/agency) responsible for SCIENCE & TECHNOLOGY in GAMBIA?",,SCIENCE & TECHNOLOGY,GAMBIA,"Ministry of Higher Education, Research, Science and Technology (MoHERST)",ConfidenceLevel.HIGH
"What is the top-level state Organ (i.e., ministry/department/agency) responsible for SCIENCE & TECHNOLOGY in CAMEROON?",,SCIENCE & TECHNOLOGY,CAMEROON,Ministry of Scientific Research and Innovation,ConfidenceLevel.HIGH
"What is the top-level state Organ (i.e., ministry/department/agency) responsible for SCIENCE & TECHNOLOGY in LEBANON?",,SCIENCE & TECHNOLOGY,LEBANON,Ministry of Technology and Artificial Intelligence,ConfidenceLevel.HIGH
"What is the top-level state Organ (i.e., ministry/department/agency) responsible for SCIENCE & TECHNOLOGY in NIGERIA?",,SCIENCE & TECHNOLOGY,NIGERIA,"Federal Ministry of Innovation, Science and Technology (FMIST)",ConfidenceLevel.HIGH
"What is the top-level state Organ (i.e., ministry/department/agency) responsible for SCIENCE & TECHNOLOGY in SOLOMON  ISLANDS?",,SCIENCE & TECHNOLOGY,SOLOMON  ISLANDS,Ministry of Education and Human Resources Development (MEHRD),ConfidenceLevel.HIGH
"What is the top-level state Organ (i.e., ministry/department/agency) responsible for SCIENCE & TECHNOLOGY in VIETNAM?",,SCIENCE & TECHNOLOGY,VIETNAM,Ministry of Science and Technology (MoST),ConfidenceLevel.HIGH
"What is the top-level state Organ (i.e., ministry/department/agency) responsible for SCIENCE & TECHNOLOGY in ALBANIA?",,SCIENCE & TECHNOLOGY,ALBANIA,Ministry of Education and Sports,ConfidenceLevel.HIGH
"What is the top-level state Organ (i.e., ministry/department/agency) responsible for SCIENCE & TECHNOLOGY in CANADA?",,SCIENCE & TECHNOLOGY,CANADA,"Innovation, Science and Economic Development Canada",ConfidenceLevel.HIGH
"What is the top-level state Organ (i.e., ministry/department/agency) responsible for SCIENCE & TECHNOLOGY in GEORGIA?",,SCIENCE & TECHNOLOGY,GEORGIA,"Ministry of Education, Science and Youth of Georgia",ConfidenceLevel.HIGH
"What is the top-level state Organ (i.e., ministry/department/agency) responsible for SCIENCE & TECHNOLOGY in LESOTHO?",,SCIENCE & TECHNOLOGY,LESOTHO,"Ministry of Information, Communications, Science, Technology and Innovation (MICSTI)",ConfidenceLevel.HIGH
"What is the top-level state Organ (i.e., ministry/department/agency) responsible for SCIENCE & TECHNOLOGY in SOMALIA?",,SCIENCE & TECHNOLOGY,SOMALIA,Ministry of Communications and Technology,ConfidenceLevel.HIGH
"What is the top-level state Organ (i.e., ministry/department/agency) responsible for SCIENCE & TECHNOLOGY in NORTH MACEDONIA?",,SCIENCE & TECHNOLOGY,NORTH MACEDONIA,Ministry of Education and Science,ConfidenceLevel.HIGH
"What is the top-level state Organ (i.e., ministry/department/agency) responsible for SCIENCE & TECHNOLOGY in ALGERIA?",,SCIENCE & TECHNOLOGY,ALGERIA,Ministry of Higher Education and Scientific Research,ConfidenceLevel.HIGH
"What is the top-level state Organ (i.e., ministry/department/agency) responsible for SCIENCE & TECHNOLOGY in YEMEN?",,SCIENCE & TECHNOLOGY,YEMEN,Ministry of Higher Education and Scientific Research,ConfidenceLevel.HIGH
"What is the top-level state Organ (i.e., ministry/department/agency) responsible for SCIENCE & TECHNOLOGY in GERMANY?",,SCIENCE & TECHNOLOGY,GERMANY,"Federal Ministry for Research, Technology and Space",ConfidenceLevel.HIGH
"What is the top-level state Organ (i.e., ministry/department/agency) responsible for SCIENCE & TECHNOLOGY in CENTRAL AFRICAN REPUBLIC?",,SCIENCE & TECHNOLOGY,CENTRAL AFRICAN REPUBLIC,"Ministry of Higher Education, Scientific Research and Technological Innovation (MESRSIT)",ConfidenceLevel.HIGH
"What is the top-level state Organ (i.e., ministry/department/agency) responsible for SCIENCE & TECHNOLOGY in NORWAY?",,SCIENCE & TECHNOLOGY,NORWAY,Ministry of Education and Research,ConfidenceLevel.HIGH
"What is the top-level state Organ (i.e., ministry/department/agency) responsible for SCIENCE & TECHNOLOGY in LIBERIA?",,SCIENCE & TECHNOLOGY,LIBERIA,NONE,ConfidenceLevel.HIGH
"What is the top-level state Organ (i.e., ministry/department/agency) responsible for SCIENCE & TECHNOLOGY in SOUTH AFRICA?",,SCIENCE & TECHNOLOGY,SOUTH AFRICA,"Department of Science, Technology and Innovation (DSTI)",ConfidenceLevel.HIGH
"What is the top-level state Organ (i.e., ministry/department/agency) responsible for SCIENCE & TECHNOLOGY in ZAMBIA?",,SCIENCE & TECHNOLOGY,ZAMBIA,Ministry of Technology and Science,ConfidenceLevel.HIGH
"What is the top-level state Organ (i.e., ministry/department/agency) responsible for SCIENCE & TECHNOLOGY in ANDORRA?",,SCIENCE & TECHNOLOGY,ANDORRA,"Ministry of Presidency, Economy, Labor, and Housing",ConfidenceLevel.HIGH
"What is the top-level state Organ (i.e., ministry/department/agency) responsible for SCIENCE & TECHNOLOGY in CHILE?",,SCIENCE & TECHNOLOGY,CHILE,"Ministry of Science, Technology, Knowledge and Innovation",ConfidenceLevel.HIGH
"What is the top-level state Organ (i.e., ministry/department/agency) responsible for SCIENCE & TECHNOLOGY in GHANA?",,SCIENCE & TECHNOLOGY,GHANA,"Ministry of Environment, Science, Technology and Innovation",ConfidenceLevel.HIGH
"What is the top-level state Organ (i.e., ministry/department/agency) responsible for SCIENCE & TECHNOLOGY in LIBYA?",,SCIENCE & TECHNOLOGY,LIBYA,Ministry of Higher Education and Scientific Research of Libya,ConfidenceLevel.HIGH
"What is the top-level state Organ (i.e., ministry/department/agency) responsible for SCIENCE & TECHNOLOGY in OMAN?",,SCIENCE & TECHNOLOGY,OMAN,"Ministry of Higher Education, Scientific Research and Innovation",ConfidenceLevel.HIGH
"What is the top-level state Organ (i.e., ministry/department/agency) responsible for SCIENCE & TECHNOLOGY in SOUTH KOREA?",,SCIENCE & TECHNOLOGY,SOUTH KOREA,Ministry of Science and ICT,ConfidenceLevel.HIGH
"What is the top-level state Organ (i.e., ministry/department/agency) responsible for SCIENCE & TECHNOLOGY in ZIMBABWE?",,SCIENCE & TECHNOLOGY,ZIMBABWE,"Ministry of Higher and Tertiary Education, Innovation, Science and Technology Development",ConfidenceLevel.HIGH
"What is the top-level state Organ (i.e., ministry/department/agency) responsible for SCIENCE & TECHNOLOGY in ANGOLA?",,SCIENCE & TECHNOLOGY,ANGOLA,"Ministry of Higher Education, Science, Technology and Innovation (Ministério do Ensino Superior, Ciência, Tecnologia e Inovação - MESCTI)",ConfidenceLevel.HIGH
"What is the top-level state Organ (i.e., ministry/department/agency) responsible for SCIENCE & TECHNOLOGY in CHINA?",,SCIENCE & TECHNOLOGY,CHINA,Ministry of Science and Technology (MOST) of the People's Republic of China,ConfidenceLevel.HIGH
"What is the top-level state Organ (i.e., ministry/department/agency) responsible for SCIENCE & TECHNOLOGY in GREECE?",,SCIENCE & TECHNOLOGY,GREECE,Ministry of Education and Religious Affairs (through the General Secretariat for Research and Technology),ConfidenceLevel.HIGH
"What is the top-level state Organ (i.e., ministry/department/agency) responsible for SCIENCE & TECHNOLOGY in LIECHTENSTEIN?",,SCIENCE & TECHNOLOGY,LIECHTENSTEIN,Ministry of Infrastructure and Education,ConfidenceLevel.HIGH
"What is the top-level state Organ (i.e., ministry/department/agency) responsible for SCIENCE & TECHNOLOGY in PAKISTAN?",,SCIENCE & TECHNOLOGY,PAKISTAN,Ministry of Science and Technology,ConfidenceLevel.HIGH
"What is the top-level state Organ (i.e., ministry/department/agency) responsible for SCIENCE & TECHNOLOGY in SOUTH SUDAN?",,SCIENCE & TECHNOLOGY,SOUTH SUDAN,"Ministry of Higher Education, Science and Technology",ConfidenceLevel.HIGH
"What is the top-level state Organ (i.e., ministry/department/agency) responsible for SCIENCE & TECHNOLOGY in ANTIGUA AND BARBUDA?",,SCIENCE & TECHNOLOGY,ANTIGUA AND BARBUDA,"Ministry of Education, Sports and Creative Industries",ConfidenceLevel.HIGH
"What is the top-level state Organ (i.e., ministry/department/agency) responsible for SCIENCE & TECHNOLOGY in COLOMBIA?",,SCIENCE & TECHNOLOGY,COLOMBIA,"Ministry of Science, Technology and Innovation (Ministerio de Ciencia, Tecnología e Innovación)",ConfidenceLevel.HIGH
"What is the top-level state Organ (i.e., ministry/department/agency) responsible for SCIENCE & TECHNOLOGY in GRENADA?",,SCIENCE & TECHNOLOGY,GRENADA,"Ministry of Climate Resilience, the Environment, Forestry, Fisheries, Disaster Management and Information",ConfidenceLevel.HIGH
"What is the top-level state Organ (i.e., ministry/department/agency) responsible for SCIENCE & TECHNOLOGY in PALAU?",,SCIENCE & TECHNOLOGY,PALAU,"Ministry of Agriculture, Fisheries, and the Environment",ConfidenceLevel.MEDIUM
"What is the top-level state Organ (i.e., ministry/department/agency) responsible for SCIENCE & TECHNOLOGY in LITHUANIA?",,SCIENCE & TECHNOLOGY,LITHUANIA,"Ministry of Education, Science and Sport of the Republic of Lithuania",ConfidenceLevel.HIGH
"What is the top-level state Organ (i.e., ministry/department/agency) responsible for SCIENCE & TECHNOLOGY in SPAIN?",,SCIENCE & TECHNOLOGY,SPAIN,"Ministry of Science, Innovation and Universities (Ministerio de Ciencia, Innovación y Universidades)",ConfidenceLevel.HIGH
"What is the top-level state Organ (i.e., ministry/department/agency) responsible for SCIENCE & TECHNOLOGY in ARGENTINA?",,SCIENCE & TECHNOLOGY,ARGENTINA,"Ministry of Science, Technology and Innovation (Ministerio de Ciencia, Tecnología e Innovación Productiva, MINCYT)",ConfidenceLevel.HIGH
"What is the top-level state Organ (i.e., ministry/department/agency) responsible for SCIENCE & TECHNOLOGY in COMOROS?",,SCIENCE & TECHNOLOGY,COMOROS,"Ministry of Science, Technology and Productive Innovation",ConfidenceLevel.HIGH
"What is the top-level state Organ (i.e., ministry/department/agency) responsible for SCIENCE & TECHNOLOGY in GUATEMALA?",,SCIENCE & TECHNOLOGY,GUATEMALA,National Council for Science and Technology (CONCYT),ConfidenceLevel.HIGH
"What is the top-level state Organ (i.e., ministry/department/agency) responsible for SCIENCE & TECHNOLOGY in LUXEMBOURG?",,SCIENCE & TECHNOLOGY,LUXEMBOURG,Ministry of Research and Higher Education,ConfidenceLevel.HIGH
"What is the top-level state Organ (i.e., ministry/department/agency) responsible for SCIENCE & TECHNOLOGY in PANAMA?",,SCIENCE & TECHNOLOGY,PANAMA,"National Secretariat of Science, Technology and Innovation (SENACYT)",ConfidenceLevel.HIGH
"What is the top-level state Organ (i.e., ministry/department/agency) responsible for SCIENCE & TECHNOLOGY in ARMENIA?",,SCIENCE & TECHNOLOGY,ARMENIA,"Ministry of Education, Science, Culture and Sports of the Republic of Armenia",ConfidenceLevel.HIGH
"What is the top-level state Organ (i.e., ministry/department/agency) responsible for SCIENCE & TECHNOLOGY in SRI LANKA?",,SCIENCE & TECHNOLOGY,SRI LANKA,Ministry of Science and Technology,ConfidenceLevel.HIGH
"What is the top-level state Organ (i.e., ministry/department/agency) responsible for SCIENCE & TECHNOLOGY in CONGO?",,SCIENCE & TECHNOLOGY,CONGO,Ministry of Scientific Research and Technological Innovation,ConfidenceLevel.HIGH
"What is the top-level state Organ (i.e., ministry/department/agency) responsible for SCIENCE & TECHNOLOGY in GUINEA?",,SCIENCE & TECHNOLOGY,GUINEA,"Ministry of Higher Education, Scientific Research and Innovation (MESRSI)",ConfidenceLevel.HIGH
"What is the top-level state Organ (i.e., ministry/department/agency) responsible for SCIENCE & TECHNOLOGY in MADAGASCAR?",,SCIENCE & TECHNOLOGY,MADAGASCAR,Ministère de l'Enseignement Supérieur et de la Recherche Scientifique,ConfidenceLevel.HIGH
"What is the top-level state Organ (i.e., ministry/department/agency) responsible for SCIENCE & TECHNOLOGY in PAPUA NEW GUINEA?",,SCIENCE & TECHNOLOGY,PAPUA NEW GUINEA,"Ministry of Higher Education, Research, Science and Technology",ConfidenceLevel.HIGH
"What is the top-level state Organ (i.e., ministry/department/agency) responsible for SCIENCE & TECHNOLOGY in SUDAN?",,SCIENCE & TECHNOLOGY,SUDAN,Ministry of Higher Education and Scientific Research (MOHE),ConfidenceLevel.HIGH
"What is the top-level state Organ (i.e., ministry/department/agency) responsible for SCIENCE & TECHNOLOGY in AUSTRALIA?",,SCIENCE & TECHNOLOGY,AUSTRALIA,"Department of Industry, Science and Resources",ConfidenceLevel.HIGH
"What is the top-level state Organ (i.e., ministry/department/agency) responsible for SCIENCE & TECHNOLOGY in COSTA RICA?",,SCIENCE & TECHNOLOGY,COSTA RICA,"Ministry of Science, Innovation, Technology and Telecommunications (MICITT)",ConfidenceLevel.HIGH
"What is the top-level state Organ (i.e., ministry/department/agency) responsible for SCIENCE & TECHNOLOGY in GUINEA-BISSAU?",,SCIENCE & TECHNOLOGY,GUINEA-BISSAU,"Ministry of Higher Education, Research, Science and Technology",ConfidenceLevel.HIGH
"What is the top-level state Organ (i.e., ministry/department/agency) responsible for SCIENCE & TECHNOLOGY in MALAWI?",,SCIENCE & TECHNOLOGY,MALAWI,"Ministry of Education, Science and Technology",ConfidenceLevel.HIGH
"What is the top-level state Organ (i.e., ministry/department/agency) responsible for SCIENCE & TECHNOLOGY in PARAGUAY?",,SCIENCE & TECHNOLOGY,PARAGUAY,Consejo Nacional de Ciencia y Tecnología (CONACYT),ConfidenceLevel.HIGH
"What is the top-level state Organ (i.e., ministry/department/agency) responsible for SCIENCE & TECHNOLOGY in AUSTRIA?",,SCIENCE & TECHNOLOGY,AUSTRIA,"Federal Ministry of Education, Science and Research (BMBWF)",ConfidenceLevel.HIGH
"What is the top-level state Organ (i.e., ministry/department/agency) responsible for SCIENCE & TECHNOLOGY in SURINAME?",,SCIENCE & TECHNOLOGY,SURINAME,"Ministry of Education, Science and Culture",ConfidenceLevel.HIGH
"What is the top-level state Organ (i.e., ministry/department/agency) responsible for SCIENCE & TECHNOLOGY in CÔTE D'IVOIRE?",,SCIENCE & TECHNOLOGY,CÔTE D'IVOIRE,Ministry of Higher Education and Scientific Research of Côte d'Ivoire,ConfidenceLevel.HIGH
"What is the top-level state Organ (i.e., ministry/department/agency) responsible for SCIENCE & TECHNOLOGY in GUYANA?",,SCIENCE & TECHNOLOGY,GUYANA,Office of the Prime Minister of Guyana,ConfidenceLevel.HIGH
"What is the top-level state Organ (i.e., ministry/department/agency) responsible for SCIENCE & TECHNOLOGY in MALAYSIA?",,SCIENCE & TECHNOLOGY,MALAYSIA,"Ministry of Science, Technology and Innovation (MOSTI)",ConfidenceLevel.HIGH
"What is the top-level state Organ (i.e., ministry/department/agency) responsible for SCIENCE & TECHNOLOGY in PERU?",,SCIENCE & TECHNOLOGY,PERU,"Ministry of Science, Innovation and Technology",ConfidenceLevel.HIGH
"What is the top-level state Organ (i.e., ministry/department/agency) responsible for SCIENCE & TECHNOLOGY in SWEDEN?",,SCIENCE & TECHNOLOGY,SWEDEN,Ministry of Education and Research,ConfidenceLevel.HIGH
"What is the top-level state Organ (i.e., ministry/department/agency) responsible for SCIENCE & TECHNOLOGY in AZERBAIJAN?",,SCIENCE & TECHNOLOGY,AZERBAIJAN,Ministry of Science and Education of the Republic of Azerbaijan,ConfidenceLevel.HIGH
"What is the top-level state Organ (i.e., ministry/department/agency) responsible for SCIENCE & TECHNOLOGY in HAITI?",,SCIENCE & TECHNOLOGY,HAITI,NONE,ConfidenceLevel.MEDIUM
"What is the top-level state Organ (i.e., ministry/department/agency) responsible for SCIENCE & TECHNOLOGY in CROATIA?",,SCIENCE & TECHNOLOGY,CROATIA,"Ministry of Science, Education and Youth",ConfidenceLevel.HIGH
"What is the top-level state Organ (i.e., ministry/department/agency) responsible for SCIENCE & TECHNOLOGY in MALDIVES?",,SCIENCE & TECHNOLOGY,MALDIVES,"Ministry of Environment, Climate Change and Technology",ConfidenceLevel.HIGH
"What is the top-level state Organ (i.e., ministry/department/agency) responsible for SCIENCE & TECHNOLOGY in PHILIPPINES?",,SCIENCE & TECHNOLOGY,PHILIPPINES,Department of Science and Technology,ConfidenceLevel.HIGH
"What is the top-level state Organ (i.e., ministry/department/agency) responsible for SCIENCE & TECHNOLOGY in SWITZERLAND?",,SCIENCE & TECHNOLOGY,SWITZERLAND,"State Secretariat for Education, Research and Innovation (SERI)",ConfidenceLevel.HIGH
"What is the top-level state Organ (i.e., ministry/department/agency) responsible for SCIENCE & TECHNOLOGY in BAHAMAS (THE)?",,SCIENCE & TECHNOLOGY,BAHAMAS (THE),"Bahamas Environment, Science and Technology Commission (BEST), Office of the Prime Minister",ConfidenceLevel.HIGH
"What is the top-level state Organ (i.e., ministry/department/agency) responsible for SCIENCE & TECHNOLOGY in CUBA?",,SCIENCE & TECHNOLOGY,CUBA,"Ministry of Science, Technology and Environment (CITMA)",ConfidenceLevel.HIGH
"What is the top-level state Organ (i.e., ministry/department/agency) responsible for SCIENCE & TECHNOLOGY in HONDURAS?",,SCIENCE & TECHNOLOGY,HONDURAS,"National Secretariat of Science, Technology, and Innovation (SENACIT)",ConfidenceLevel.HIGH
"What is the top-level state Organ (i.e., ministry/department/agency) responsible for SCIENCE & TECHNOLOGY in MALI?",,SCIENCE & TECHNOLOGY,MALI,Ministry of Higher Education and Scientific Research,ConfidenceLevel.HIGH
"What is the top-level state Organ (i.e., ministry/department/agency) responsible for SCIENCE & TECHNOLOGY in SYRIA?",,SCIENCE & TECHNOLOGY,SYRIA,Ministry of Higher Education and Scientific Research,ConfidenceLevel.HIGH
"What is the top-level state Organ (i.e., ministry/department/agency) responsible for SCIENCE & TECHNOLOGY in POLAND?",,SCIENCE & TECHNOLOGY,POLAND,Ministry of Science and Higher Education,ConfidenceLevel.HIGH
"What is the top-level state Organ (i.e., ministry/department/agency) responsible for SCIENCE & TECHNOLOGY in BAHRAIN?",,SCIENCE & TECHNOLOGY,BAHRAIN,National Space Science Agency,ConfidenceLevel.HIGH
"What is the top-level state Organ (i.e., ministry/department/agency) responsible for SCIENCE & TECHNOLOGY in CYPRUS?",,SCIENCE & TECHNOLOGY,CYPRUS,"Deputy Ministry of Research, Innovation and Digital Policy of Cyprus",ConfidenceLevel.HIGH
"What is the top-level state Organ (i.e., ministry/department/agency) responsible for SCIENCE & TECHNOLOGY in HUNGARY?",,SCIENCE & TECHNOLOGY,HUNGARY,Ministry of Culture and Innovation,ConfidenceLevel.HIGH
"What is the top-level state Organ (i.e., ministry/department/agency) responsible for SCIENCE & TECHNOLOGY in MALTA?",,SCIENCE & TECHNOLOGY,MALTA,Malta Council for Science and Technology (MCST),ConfidenceLevel.HIGH
"What is the top-level state Organ (i.e., ministry/department/agency) responsible for SCIENCE & TECHNOLOGY in PORTUGAL?",,SCIENCE & TECHNOLOGY,PORTUGAL,"Ministry of Education, Science and Innovation",ConfidenceLevel.HIGH
"What is the top-level state Organ (i.e., ministry/department/agency) responsible for SCIENCE & TECHNOLOGY in TAJIKISTAN?",,SCIENCE & TECHNOLOGY,TAJIKISTAN,Ministry of Education and Science of the Republic of Tajikistan,ConfidenceLevel.HIGH
"What is the top-level state Organ (i.e., ministry/department/agency) responsible for SCIENCE & TECHNOLOGY in CZECH REPUBLIC?",,SCIENCE & TECHNOLOGY,CZECH REPUBLIC,"Ministry of Education, Youth and Sports",ConfidenceLevel.HIGH
"What is the top-level state Organ (i.e., ministry/department/agency) responsible for SCIENCE & TECHNOLOGY in BANGLADESH?",,SCIENCE & TECHNOLOGY,BANGLADESH,Ministry of Science and Technology (Bangladesh),ConfidenceLevel.HIGH
"What is the top-level state Organ (i.e., ministry/department/agency) responsible for SCIENCE & TECHNOLOGY in ICELAND?",,SCIENCE & TECHNOLOGY,ICELAND,"Ministry of Higher Education, Science and Innovation",ConfidenceLevel.HIGH
"What is the top-level state Organ (i.e., ministry/department/agency) responsible for SCIENCE & TECHNOLOGY in QATAR?",,SCIENCE & TECHNOLOGY,QATAR,Ministry of Communications and Information Technology (MCIT),ConfidenceLevel.HIGH
"What is the top-level state Organ (i.e., ministry/department/agency) responsible for SCIENCE & TECHNOLOGY in MARSHALL ISLANDS?",,SCIENCE & TECHNOLOGY,MARSHALL ISLANDS,"Ministry of Education, Sports and Training",ConfidenceLevel.HIGH
"What is the top-level state Organ (i.e., ministry/department/agency) responsible for SCIENCE & TECHNOLOGY in BARBADOS?",,SCIENCE & TECHNOLOGY,BARBADOS,"Ministry of Industry, Innovation, Science and Technology",ConfidenceLevel.HIGH
"What is the top-level state Organ (i.e., ministry/department/agency) responsible for SCIENCE & TECHNOLOGY in TANZANIA?",,SCIENCE & TECHNOLOGY,TANZANIA,"Ministry of Education, Science, Technology and Vocational Training",ConfidenceLevel.HIGH
"What is the top-level state Organ (i.e., ministry/department/agency) responsible for SCIENCE & TECHNOLOGY in INDIA?",,SCIENCE & TECHNOLOGY,INDIA,Ministry of Science and Technology,ConfidenceLevel.HIGH
"What is the top-level state Organ (i.e., ministry/department/agency) responsible for SCIENCE & TECHNOLOGY in DEMOCRATIC PEOPLE'S REPUBLIC OF KOREA?",,SCIENCE & TECHNOLOGY,DEMOCRATIC PEOPLE'S REPUBLIC OF KOREA,Academy of Sciences of the Democratic People's Republic of Korea,ConfidenceLevel.MEDIUM
"What is the top-level state Organ (i.e., ministry/department/agency) responsible for SCIENCE & TECHNOLOGY in MAURITANIA?",,SCIENCE & TECHNOLOGY,MAURITANIA,"Ministry of Tertiary Education, Research, Science, and Technology",ConfidenceLevel.HIGH
"What is the top-level state Organ (i.e., ministry/department/agency) responsible for SCIENCE & TECHNOLOGY in ROMANIA?",,SCIENCE & TECHNOLOGY,ROMANIA,"Ministry of Research, Innovation and Digitalization",ConfidenceLevel.HIGH
"What is the top-level state Organ (i.e., ministry/department/agency) responsible for SCIENCE & TECHNOLOGY in THAILAND?",,SCIENCE & TECHNOLOGY,THAILAND,"Ministry of Higher Education, Science, Research and Innovation",ConfidenceLevel.HIGH
"What is the top-level state Organ (i.e., ministry/department/agency) responsible for SCIENCE & TECHNOLOGY in DEMOCRATIC REPUBLIC OF THE CONGO?",,SCIENCE & TECHNOLOGY,DEMOCRATIC REPUBLIC OF THE CONGO,Ministry of Scientific Research and Technological Innovation,ConfidenceLevel.HIGH
"What is the top-level state Organ (i.e., ministry/department/agency) responsible for SCIENCE & TECHNOLOGY in TIMOR-LESTE?",,SCIENCE & TECHNOLOGY,TIMOR-LESTE,"Ministry of Higher Education, Science and Culture",ConfidenceLevel.HIGH
"What is the top-level state Organ (i.e., ministry/department/agency) responsible for SCIENCE & TECHNOLOGY in MAURITIUS?",,SCIENCE & TECHNOLOGY,MAURITIUS,"Ministry of Education, Tertiary Education, Science and Technology",ConfidenceLevel.HIGH
